cycle,sample_type,num_samples,time_elapsed,estimated_distribution
0,Gibbs,10000,1.9741579000001366,0.49756666666666666
0,Token,10000,1.0263480000003256,0.4855417721881215
0,Gibbs,100000,20.35652459999983,0.49025166666666664
0,Token,100000,10.783295400000497,0.48797169845018723
0,Gibbs,500000,99.03955779999978,0.490572
0,Token,500000,52.75664710000001,0.4910482900891171
