cycle,time_elapsed,delta,estimated_distribution
0,213.7320212499471,1e-06,0.5084651053174253
1,136.24899287498556,1e-06,0.5050553191489362
2,116.95905966707504,1e-06,0.4921167741935484
3,104.16040470800364,1e-06,0.5070695340501792
4,252.94757162500173,1e-06,0.5202689149560117
5,295.74668933299836,1e-06,0.4881009262216544
6,246.6030254579382,1e-06,0.4984168714797747
7,210.20897541707382,1e-06,0.5262089656216871
