cycle,time_elapsed,delta,estimated_distribution
1,188.07768216601107,1e-06,0.493593482216708
