cycle,time_elapsed,delta,estimated_distribution
0,213.73202124994714,1e-06,0.5084651053174253
1,136.24899287498556,1e-06,0.5050553191489362
2,116.95905966707505,1e-06,0.4921167741935484
3,104.16040470800363,1e-06,0.5070695340501792
4,252.94757162500173,1e-06,0.5202689149560117
