cycle,sample_type,set_time,estimated_distribution
0,Gibbs,1,0.4841252096143096
0,Token,1,0.4846752928190347
0,Gibbs,10,0.4839344401331552
0,Token,10,0.478352598670876
0,Gibbs,30,0.4825489296564508
0,Token,30,0.4837002494306474
1,Gibbs,1,0.4904839920813707
1,Token,1,0.4924720182934168
1,Gibbs,10,0.4943913123958783
1,Token,10,0.4945446089356793
1,Gibbs,30,0.4933922154867378
1,Token,30,0.4950520775856707
