cycle,sample_type,set_time,estimated_distribution
0,Gibbs,1,0.4888456549935149
0,Token,1,0.4967917675544794
0,Gibbs,10,0.4946890194986984
0,Token,10,0.489071302351573
0,Gibbs,30,0.49295699640527224
0,Token,30,0.4920919402621647
