cycle,time_elapsed,delta,estimated_distribution
0,181.40189212502446,1e-06,0.4857594172736733
1,240.9219567910768,1e-06,0.5057197823552274
2,170.47424670797773,1e-06,0.4923791620318873
3,235.93403004098218,1e-06,0.5002571352714722
4,84.92395149997901,1e-06,0.49940748980348537
