cycle,sample_type,time_elapsed,parameter,delta,gt_sample_period,estimated_distribution
0,Gibbs,0.7874875419947784,10x10,0.0001,1000000,0.45971403812824957
0,Token,0.4993167499997071,10x10,0.0001,1000000,0.4596996996996997
0,Gibbs,31.332743582999683,20x20,0.0001,1500000,0.5224804724709469
0,Token,6.226332042002468,20x20,0.0001,1500000,0.5225912673046395
0,Gibbs,214.43284970799868,50x50,0.0001,2500000,0.48859992874955466
0,Token,125.74814820800384,50x50,0.0001,2500000,0.48859781923031503
